Object, MetadataComponentId, MetadataComponentName, MetadataComponentNamespace, MetadataComponentType, RefMetadataComponentId, RefMetadataComponentName, RefMetadataComponentNamespace, RefMetadataComponentType
Account,00h0900000H3AlPAAV,Account (Marketing) Layout,ULTEST,Layout,00N0900000LrU3sEAF,CustomerPriority,ULTEST,CustomField
Account,00h0900000H3AlQAAV,Account (Sales) Layout,ULTEST,Layout,00N0900000LrU3sEAF,CustomerPriority,ULTEST,CustomField
Account,00h0900000H3AlRAAV,Account (Support) Layout,ULTEST,Layout,00N0900000LrU3sEAF,CustomerPriority,ULTEST,CustomField
Account,00h0900000H3AlSAAV,Account Layout,ULTEST,Layout,00N0900000LrU3sEAF,CustomerPriority,ULTEST,CustomField
Account,00h0900000H3AlPAAV,Account (Marketing) Layout,ULTEST,Layout,00N0900000LrU3uEAF,SLA,ULTEST,CustomField
Account,00h0900000H3AlQAAV,Account (Sales) Layout,ULTEST,Layout,00N0900000LrU3uEAF,SLA,ULTEST,CustomField
Account,00h0900000H3AlRAAV,Account (Support) Layout,ULTEST,Layout,00N0900000LrU3uEAF,SLA,ULTEST,CustomField
Account,00h0900000H3AlSAAV,Account Layout,ULTEST,Layout,00N0900000LrU3uEAF,SLA,ULTEST,CustomField
Account,00h0900000H3AlPAAV,Account (Marketing) Layout,ULTEST,Layout,00N0900000LrU3rEAF,Active,ULTEST,CustomField
Account,00h0900000H3AlQAAV,Account (Sales) Layout,ULTEST,Layout,00N0900000LrU3rEAF,Active,ULTEST,CustomField
Account,00h0900000H3AlRAAV,Account (Support) Layout,ULTEST,Layout,00N0900000LrU3rEAF,Active,ULTEST,CustomField
Account,00h0900000H3AlSAAV,Account Layout,ULTEST,Layout,00N0900000LrU3rEAF,Active,ULTEST,CustomField
Account,00h0900000H3AlPAAV,Account (Marketing) Layout,ULTEST,Layout,00N0900000LrU3tEAF,NumberofLocations,ULTEST,CustomField
Account,00h0900000H3AlQAAV,Account (Sales) Layout,ULTEST,Layout,00N0900000LrU3tEAF,NumberofLocations,ULTEST,CustomField
Account,00h0900000H3AlRAAV,Account (Support) Layout,ULTEST,Layout,00N0900000LrU3tEAF,NumberofLocations,ULTEST,CustomField
Account,00h0900000H3AlSAAV,Account Layout,ULTEST,Layout,00N0900000LrU3tEAF,NumberofLocations,ULTEST,CustomField
Account,00h0900000H3AlPAAV,Account (Marketing) Layout,ULTEST,Layout,00N0900000LrU3xEAF,UpsellOpportunity,ULTEST,CustomField
Account,00h0900000H3AlQAAV,Account (Sales) Layout,ULTEST,Layout,00N0900000LrU3xEAF,UpsellOpportunity,ULTEST,CustomField
Account,00h0900000H3AlRAAV,Account (Support) Layout,ULTEST,Layout,00N0900000LrU3xEAF,UpsellOpportunity,ULTEST,CustomField
Account,00h0900000H3AlSAAV,Account Layout,ULTEST,Layout,00N0900000LrU3xEAF,UpsellOpportunity,ULTEST,CustomField
Account,00h0900000H3AlPAAV,Account (Marketing) Layout,ULTEST,Layout,00N0900000LrU3wEAF,SLASerialNumber,ULTEST,CustomField
Account,00h0900000H3AlQAAV,Account (Sales) Layout,ULTEST,Layout,00N0900000LrU3wEAF,SLASerialNumber,ULTEST,CustomField
Account,00h0900000H3AlRAAV,Account (Support) Layout,ULTEST,Layout,00N0900000LrU3wEAF,SLASerialNumber,ULTEST,CustomField
Account,00h0900000H3AlSAAV,Account Layout,ULTEST,Layout,00N0900000LrU3wEAF,SLASerialNumber,ULTEST,CustomField
Account,00h0900000H3AlPAAV,Account (Marketing) Layout,ULTEST,Layout,00N0900000LrU3vEAF,SLAExpirationDate,ULTEST,CustomField
Account,00h0900000H3AlQAAV,Account (Sales) Layout,ULTEST,Layout,00N0900000LrU3vEAF,SLAExpirationDate,ULTEST,CustomField
Account,00h0900000H3AlRAAV,Account (Support) Layout,ULTEST,Layout,00N0900000LrU3vEAF,SLAExpirationDate,ULTEST,CustomField
Account,00h0900000H3AlSAAV,Account Layout,ULTEST,Layout,00N0900000LrU3vEAF,SLAExpirationDate,ULTEST,CustomField