Object, RefMetadataComponentId, RefMetadataComponentName, RefMetadataComponentNamespace, RefMetadataComponentType,ApexClass,ApexPage,CustomField,FieldSet,FlexiPage,Flow,Layout,LookupFilter,ValidationRule,WebLink,WorkflowFieldUpdate
Account,00Nf200000ClmIUEAZ,Channel,null,CustomField,X,,,,,X,X,,,,
Account,00Nf200000ClmIVEAZ,Division,null,CustomField,X,,X,,,X,X,,,,
Account,00Nf200000ClmIWEAZ,SalesOrg,null,CustomField,X,,X,,,,X,,,,
Account,00Nf200000ClmIXEAZ,SapId,null,CustomField,X,,X,,,X,X,,,,
Account,00Nf200000ClmIYEAZ,VRC_CNPJ,null,CustomField,X,,X,,,X,X,,X,,
Account,00Nf200000ClmIZEAZ,VRC_CVACode,null,CustomField,,,,,,,,,,,
Account,00Nf200000ClmIaEAJ,VRC_CVA,null,CustomField,,,,,,,,,,,
Account,00Nf200000ClmIbEAJ,VRC_ChannelCode,null,CustomField,,,,,,,,,,,
Account,00Nf200000ClmIcEAJ,VRC_Channel,null,CustomField,,,,,,,,,,,
Account,00Nf200000ClmIdEAJ,VRC_EconomicGroupCode,null,CustomField,,,,,,,,,,,
Account,00Nf200000ClmIeEAJ,VRC_EconomicGroup,null,CustomField,,,,,,,,,,,
Account,00Nf200000ClmIfEAJ,VRC_PerfectStore,null,CustomField,,,,,,,,,,,
Account,00Nf200000ClmIgEAJ,VRC_SegmentCode,null,CustomField,,,,,,,,,,,
Account,00Nf200000ClmIhEAJ,VRC_Segment,null,CustomField,,,,,,,,,,,
Account,00Nf200000ClmIiEAJ,VRC_TerritoryAllowed,null,CustomField,X,,,,,,,,,,
Account,00Nf200000ClmIjEAJ,VRC_TerritoryDescription,null,CustomField,,,,,,,,,,,
Account,00Nf200000ClmIkEAJ,VRC_VisitFrequencyCode,null,CustomField,,,,,,,,,,,
Account,00Nf200000ClmIlEAJ,VRC_VisitFrequency,null,CustomField,,,,,,,,,,,
Account,00Nf200000Clrj6EAB,SKM_PriceGroup,null,CustomField,,,,,,,X,,,,
Account,00N4O000006Y6dFUAS,Account_Number,ACCL,CustomField,X,,X,,,,X,,,,
Account,00N4O000006Y6dHUAS,Account_Template,ACCL,CustomField,X,,X,,,X,X,X,X,,X
Account,00N4O000006Y6dIUAS,City,ACCL,CustomField,X,,,,,,,,,,
Account,00N4O000006Y6dKUAS,ExternalId,ACCL,CustomField,X,X,X,,,,X,,,,
Account,00N4O000006Y6dNUAS,Name_2,ACCL,CustomField,X,,,,,,,,,,
Account,00N4O000006Y6dPUAS,Sales_Org,ACCL,CustomField,X,,X,,,,,X,X,,X
Account,00N4O000006Y6dRUAS,Street,ACCL,CustomField,X,,,,,,,,,,
Account,00N4O000006Y7T0UAK,Number_Of_Extensions,ACCL,CustomField,,,,,,,,,,,
Account,00N4O000006Y9r2UAC,TPM_AccountPlanType,null,CustomField,X,,,,,X,,X,X,,
Account,00N4O000006Y9r3UAC,TPM_Active,null,CustomField,X,,,,,,X,,X,,
Account,00N4O000006Y9r4UAC,TPM_Activity_Sector_Division_Code,null,CustomField,X,,X,,,,,,,,
Account,00N4O000006Y9r5UAC,TPM_Activity_Sector_Division_Description,null,CustomField,,,,,,,,,,,
Account,00N4O000006Y9r6UAC,TPM_AllowNegativeBaseline,null,CustomField,X,,X,,,,,,X,,
Account,00N4O000006Y9r7UAC,TPM_BannerCode,null,CustomField,X,,,,,,,,,,
Account,00N4O000006Y9r8UAC,TPM_BannerName,null,CustomField,,,,,,,,,,,
Account,00N4O000006Y9r9UAC,TPM_Currency,null,CustomField,X,,,,,,,,,,
Account,00N4O000006Y9rBUAS,TPM_Customer_Description,null,CustomField,,,,,,,,,,,
Account,00N4O000006Y9rCUAS,TPM_Customer_Group_4,null,CustomField,,,,,,,,,,,
Account,00N4O000006Y9rEUAS,TPM_Customer_Group_Code,null,CustomField,X,,,,,,,,,,
Account,00N4O000006Y9rFUAS,TPM_Customer_Group_Description,null,CustomField,X,X,,,,,,,,,
Account,00N4O000006Y9rGUAS,TPM_Customer_Hierarchy_Level,null,CustomField,X,X,X,,,,X,,X,,
Account,00N4O000006Y9rHUAS,TPM_Customer_Relevant,null,CustomField,X,,,,,,,,,,
Account,00N4O000006Y9rKUAS,TPM_Customer_Unique,null,CustomField,X,X,,,,,,,,,
Account,00N4O000006Y9rNUAS,TPM_Dimension_Code,null,CustomField,X,,X,,,,,,,,
Account,00N4O000006Y9rPUAS,TPM_Direct_Indirect_Flag,null,CustomField,X,,,,,,,,,,
Account,00N4O000006Y9rQUAS,TPM_Distribution_Channel_Code,null,CustomField,X,,X,,,,,,,,
Account,00N4O000006Y9rRUAS,TPM_Distribution_Channel_Description,null,CustomField,,,,,,,,,,,
Account,00N4O000006Y9rSUAS,TPM_Ext_Id_Name,null,CustomField,X,,,,,,,,,,
Account,00N4O000006Y9rTUAS,TPM_Generic_Customer,null,CustomField,X,,X,,,,,,,,
Account,00N4O000006Y9rUUAS,TPM_HoldingCode,null,CustomField,,,,,,,,,,,
Account,00N4O000006Y9rVUAS,TPM_Is_AllCustomer_Level1,null,CustomField,X,,,,,,,,,,
Account,00N4O000006Y9rWUAS,TPM_Is_Payer,null,CustomField,X,,,,,,,,,,
Account,00N4O000006Y9rXUAS,TPM_Level2Description,null,CustomField,,,,,,,,,,,
Account,00N4O000006Y9rYUAS,TPM_Level3Description,null,CustomField,,,,,,,,,,,
Account,00N4O000006Y9rZUAS,TPM_Level4Description,null,CustomField,,,,,,,,,,,
Account,00N4O000006Y9rdUAC,TPM_Level_1,null,CustomField,X,,,,,,X,,,,
Account,00N4O000006Y9reUAC,TPM_Level_2,null,CustomField,X,,,,,,X,,,,
Account,00N4O000006Y9rfUAC,TPM_Level_3,null,CustomField,X,,X,,,,X,,,,
Account,00N4O000006Y9rgUAC,TPM_Level_4,null,CustomField,X,,X,,,,X,,,,
Account,00N4O000006Y9rhUAC,TPM_Level_5,null,CustomField,X,,,X,,,X,,,,
Account,00N4O000006Y9riUAC,TPM_Level_6,null,CustomField,X,,,X,,,X,,,,
Account,00N4O000006Y9rjUAC,TPM_Level_7,null,CustomField,X,,,X,,,X,,,,
Account,00N4O000006Y9rkUAC,TPM_Level_8,null,CustomField,X,,,,,,,,,,
Account,00N4O000006Y9rlUAC,TPM_Market_Channel_Code,null,CustomField,,,,,,,,,,,
Account,00N4O000006Y9rmUAC,TPM_Market_Channel_Description,null,CustomField,X,X,,,,,,,,,
Account,00N4O000006Y9roUAC,TPM_Market_Description,null,CustomField,X,X,,,,,,,,,
Account,00N4O000006Y9rpUAC,TPM_NCF_Flag,null,CustomField,X,,X,X,,,,,X,,
Account,00N4O000006Y9rqUAC,TPM_Planning_Level,null,CustomField,X,,,,,,,,,,
Account,00N4O000006Y9rrUAC,TPM_Region_Code,null,CustomField,X,,,,,,,,,,
Account,00N4O000006Y9rsUAC,TPM_Region,null,CustomField,X,,,,,,,,,,
Account,00N4O000006Y9rtUAC,TPM_SalesGroupCode,null,CustomField,,,,,,,,,,,
Account,00N4O000006Y9ruUAC,TPM_SalesGroupDescription,null,CustomField,X,X,,,,,,,,,
Account,00N4O000006Y9rvUAC,TPM_SalesOfficeCode,null,CustomField,X,,,,,,,,,,
Account,00N4O000006Y9rwUAC,TPM_SalesOfficeDescription,null,CustomField,X,X,,,,,X,,,,
Account,00N4O000006Y9rzUAC,TPM_Sales_Organization,null,CustomField,X,,X,,,,X,,,,X
Account,00N4O000006Y9s1UAC,TPM_SalesmanDescription,null,CustomField,,,,,,,,,,,
Account,00N4O000006Y9s3UAC,TPM_SubDivisonDescription,null,CustomField,,,,,,,,,,,
Account,00N4O000006Y9s5UAC,TPM_Territory_Description,null,CustomField,,,,,,,,,,,
Account,00N4O000006Y9s6UAC,TPM_Total_Customer_External_ID,null,CustomField,X,,,,,,,,,,
Account,00N4O000006Y9s7UAC,TPM_VIP,null,CustomField,X,,,,,,,,,,
Account,00N4O000006YA4LUAW,TPM_Planning_Level_Rollup,null,CustomField,,,,,,,,X,,,
Account,00N4O000006YWFwUAO,TPM_CustomerType,null,CustomField,,,,,,,,,,,
Account,00N4O000006pnT9UAI,SPL_AbrasRanking,null,CustomField,,,,,,,X,,,,
Account,00N4O000006pnTAUAY,SPL_AcceptsDisplay,null,CustomField,,,,,,,X,,,,
Account,00N4O000006pnTBUAY,SPL_AcceptsTaticalMaterial,null,CustomField,,,,,,,X,,,,
Account,00N4O000006pnTCUAY,SPL_AssistanceScale,null,CustomField,X,,,,,,X,,,,
Account,00N4O000006pnTDUAY,SPL_Association,null,CustomField,,,,,,,X,,,,
Account,00N4O000006pnTEUAY,SPL_BannerAccount,null,CustomField,X,,X,,,,X,,,,
Account,00N4O000006pnTFUAY,SPL_BannerCode,null,CustomField,X,,,,,,X,,,,
Account,00N4O000006pnTGUAY,SPL_BaseCloser,null,CustomField,,,,,,,X,,,,
Account,00N4O000006pnTHUAY,SPL_BrazilPostalCode,null,CustomField,,,,,,,X,,,,
Account,00N4O000006pnTIUAY,SPL_CNPJMatrix,null,CustomField,X,,,,,,,,,,
Account,00N4O000006pnTJUAY,SPL_CVACode,null,CustomField,X,,X,,,X,X,,,,
Account,00N4O000006pnTKUAY,SPL_CVA,null,CustomField,X,,,,,X,X,,,,
Account,00N4O000006pnTLUAY,SPL_ChannelCode,null,CustomField,,,,,,,,,,,
Account,00N4O000006pnTMUAY,SPL_ChannelSort,null,CustomField,,,,,,,X,,,,
Account,00N4O000006pnTNUAY,SPL_City,null,CustomField,X,,X,,,X,X,,,,
Account,00N4O000006pnTOUAY,SPL_CodeAssosiation,null,CustomField,,,,,,,X,,,,
Account,00N4O000006pnTPUAY,SPL_CodeDivision,null,CustomField,,,,,,,,,,,
Account,00N4O000006pnTQUAY,SPL_CodePortalExecute,null,CustomField,X,,,,,,X,,,,
Account,00N4O000006pnTRUAY,SPL_CodeRegionSort,null,CustomField,,,,,,,X,,,,
Account,00N4O000006pnTSUAY,SPL_CodeRegion,null,CustomField,X,,,,,X,X,,,,
Account,00N4O000006pnTTUAY,SPL_CodeSort,null,CustomField,,,,,,,X,,,,
Account,00N4O000006pnTUUAY,SPL_CodeStatus,null,CustomField,,,,,,,,,,,
Account,00N4O000006pnTVUAY,SPL_CodeSubChannelSort,null,CustomField,,,,,,,X,,,,
Account,00N4O000006pnTWUAY,SPL_CodeSubDivision,null,CustomField,,,,,,,X,,,,
Account,00N4O000006pnTXUAY,SPL_CodeSubTerritoryMerchandising,null,CustomField,X,,,,,,,,,,
Account,00N4O000006pnTYUAY,SPL_Comments,null,CustomField,,,,,,,X,,,,
Account,00N4O000006pnTZUAY,SPL_Complement,null,CustomField,X,,,,,,X,,,,
Account,00N4O000006pnTaUAI,SPL_ContactEmail,null,CustomField,X,,,,,,X,,,,
Account,00N4O000006pnTbUAI,SPL_ContactName,null,CustomField,,,,,,,X,,,,
Account,00N4O000006pnTcUAI,SPL_CountryAccount,null,CustomField,X,,,,,,X,,,,
Account,00N4O000006pnTdUAI,SPL_CountryCode,null,CustomField,X,,,,,X,X,,,,
Account,00N4O000006pnTeUAI,SPL_CustomerGroupCode,null,CustomField,,,,,,,,,,,
Account,00N4O000006pnTfUAI,SPL_CustomerGroupDescription,null,CustomField,,,,,,,,,,,
Account,00N4O000006pnTgUAI,SPL_DayToReceiveMaterial,null,CustomField,,,,,,,X,,,,
Account,00N4O000006pnThUAI,SPL_Deallocated,null,CustomField,X,,,,,,X,,,,
Account,00N4O000006pnTiUAI,SPL_DistrictBR,null,CustomField,,,,,,,X,,,,
Account,00N4O000006pnTjUAI,SPL_Division,null,CustomField,,,,,,,,,,,
Account,00N4O000006pnTkUAI,SPL_EstablishmentNumber,null,CustomField,X,,,,,,X,,,,
Account,00N4O000006pnTlUAI,SPL_FantasyName,null,CustomField,,,,,,,X,,,,
Account,00N4O000006pnTmUAI,SPL_FutureKey,null,CustomField,X,,,,,,,,,,
Account,00N4O000006pnTnUAI,SPL_GeneralStatus,null,CustomField,,,,,,,,,,,
Account,00N4O000006pnToUAI,SPL_HoldingAccount,null,CustomField,X,,,,,,X,,,,
Account,00N4O000006pnTpUAI,SPL_HoldingCode,null,CustomField,X,,,,,X,X,,,,
Account,00N4O000006pnTqUAI,SPL_InativationDate,null,CustomField,,,,,,,X,,,,
Account,00N4O000006pnTrUAI,SPL_KibonCVA,null,CustomField,,,,,,,X,,,,
Account,00N4O000006pnTsUAI,SPL_KibonDistrict,null,CustomField,,,,,,,X,,,,
Account,00N4O000006pnTtUAI,SPL_KibonRegional,null,CustomField,,,,,,,X,,,,
Account,00N4O000006pnTuUAI,SPL_KibonTerritory,null,CustomField,,,,,,,X,,,,
Account,00N4O000006pnTvUAI,SPL_Latitude,null,CustomField,,,,,,,X,,,,
Account,00N4O000006pnTwUAI,SPL_Longitude,null,CustomField,,,,,,,X,,,,
Account,00N4O000006pnTxUAI,SPL_MarketChannelCode,null,CustomField,X,,,,,X,X,,,,
Account,00N4O000006pnTyUAI,SPL_MarketChannel,null,CustomField,X,,X,,,X,X,,,,
Account,00N4O000006pnTzUAI,SPL_MarketCode,null,CustomField,X,,,,,,X,,,,
Account,00N4O000006pnU0UAI,SPL_MarketHierarchy,null,CustomField,X,,,,,,X,,,,
Account,00N4O000006pnU1UAI,SPL_MarketSegmentCode,null,CustomField,X,,,,,X,X,,,,
Account,00N4O000006pnU2UAI,SPL_MarketSegment,null,CustomField,X,,,,,X,X,,,,
Account,00N4O000006pnU3UAI,SPL_MerchandisingDistrict,null,CustomField,,,,,,,,,,,
Account,00N4O000006pnU4UAI,SPL_MerchandisingService,null,CustomField,,,,,,,X,,,,
Account,00N4O000006pnU5UAI,SPL_MerchandisingStatus,null,CustomField,X,,X,,,,X,,,,
Account,00N4O000006pnU6UAI,SPL_MicroRegion,null,CustomField,X,,X,,,X,X,,,,
Account,00N4O000006pnU7UAI,SPL_Neighborhood,null,CustomField,X,,X,,,X,X,,,,
Account,00N4O000006pnU8UAI,SPL_OpenDate,null,CustomField,X,,,,,,X,,,,
Account,00N4O000006pnU9UAI,SPL_PostalCode,null,CustomField,X,,X,,,X,X,,,,
Account,00N4O000006pnUAUAY,SPL_RegionSort,null,CustomField,,,,,,,X,,,,
Account,00N4O000006pnUBUAY,SPL_RegionalCode,null,CustomField,X,,X,,,,X,,,,
Account,00N4O000006pnUCUAY,SPL_RegionalDistrict,null,CustomField,,,,,,,X,,,,
Account,00N4O000006pnUDUAY,SPL_RegionalSales,null,CustomField,X,,X,,,,X,,,X,
Account,00N4O000006pnUEUAY,SPL_RegionalTerritory,null,CustomField,,,,,,,X,,,,
Account,00N4O000006pnUFUAY,SPL_SAPCode,null,CustomField,X,,X,,,,X,,,,
Account,00N4O000006pnUGUAY,SPL_SHEComments,null,CustomField,,,,,,,X,,,,
Account,00N4O000006pnUHUAY,SPL_SHERisk,null,CustomField,,,,,,,X,,,,
Account,00N4O000006pnUIUAY,SPL_SalesBranch,null,CustomField,,,,,,,,,,,
Account,00N4O000006pnUJUAY,SPL_SalesDistrict,null,CustomField,X,,,,,,,,,,
Account,00N4O000006pnUKUAY,SPL_SearchTerm,null,CustomField,X,,,,,,X,,,,
Account,00N4O000006pnULUAY,SPL_ServiceMerchandising,null,CustomField,,,,,,,,,,,
Account,00N4O000006pnUMUAY,SPL_ServiceStatus,null,CustomField,X,,,,,,X,,,,
Account,00N4O000006pnUNUAY,SPL_SoldToGroupAccount,null,CustomField,X,,,,,X,X,,X,,
Account,00N4O000006pnUOUAY,SPL_SoldToGroupCode,null,CustomField,X,,,,,X,X,,X,,
Account,00N4O000006pnUPUAY,SPL_StateRegistration,null,CustomField,,,,,,X,X,,,,
Account,00N4O000006pnUQUAY,SPL_Status,null,CustomField,X,,X,,,,X,,,,
Account,00N4O000006pnURUAY,SPL_StoreFormat,null,CustomField,,,,,,,X,,,,
Account,00N4O000006pnUSUAY,SPL_Street,null,CustomField,,,X,,,X,X,,,,
Account,00N4O000006pnUTUAY,SPL_SubChannelSort,null,CustomField,,,,,,,X,,,,
Account,00N4O000006pnUUUAY,SPL_SubRegionMerchandising,null,CustomField,,,,,,,X,,,,
Account,00N4O000006pnUVUAY,SPL_SubTerritoryMerchandising,null,CustomField,,,,,,,,,,,
Account,00N4O000006pnUWUAY,SPL_TerritoryBR,null,CustomField,,,,,,,X,,,,
Account,00N4O000006pnUXUAY,SPL_TerritoryCode,null,CustomField,X,,X,,,,X,,,,
Account,00N4O000006pnUYUAY,SPL_TerritoryMerchandising,null,CustomField,,,,,,,,,,,
Account,00N4O000006pnUZUAY,SPL_TimeToReceiveMaterial,null,CustomField,,,,,,,X,,,,
Account,00N4O000006pnUaUAI,SPL_UF,null,CustomField,X,,X,,,X,X,,,,
Account,00N4O000006pnUbUAI,SPL_Visibility,null,CustomField,,,,,,,X,,,,
Account,00N4O000006WCu5UAG,SPL_AbrasFarmaRanking,null,CustomField,,,,,,,X,,,,
Account,00N4O000006WCu6UAG,SPL_Classification,null,CustomField,,,,,,,X,,,,
Account,00N4O000006WCu7UAG,SPL_ShareInformation,null,CustomField,,,,,,,X,,,,
Account,00N4O000006tevDUAQ,TLB_AccountBankCode,null,CustomField,,,,,,X,X,,,,
Account,00N4O000006tevGUAQ,TLB_BankCodeID,null,CustomField,,,,,,X,X,,,,
Account,00N4O000006tevHUAQ,TLB_BankCode,null,CustomField,,,,,,X,X,,,,
Account,00N4O000006tevKUAQ,TLB_BusinessType,null,CustomField,,,,,,,X,,,,
Account,00N4O000006tevLUAQ,TLB_BuyInnovation,null,CustomField,,,,,,,,,,,
Account,00N4O000006tevMUAQ,TLB_BuyMixGold,null,CustomField,,,,,,,,,,,
Account,00N4O000006tevNUAQ,TLB_CNPJ,null,CustomField,X,,,,,X,X,,,,
Account,00N4O000006tevOUAQ,TLB_CPF,null,CustomField,,,,,,,X,,,,
Account,00N4O000006tevPUAQ,TLB_CVACode,null,CustomField,X,,,,,,,,,,
Account,00N4O000006tevQUAQ,TLB_CVAImage,null,CustomField,,,X,,,,X,,,,
Account,00N4O000006wowUUAQ,TLB_BestTimetoCall,null,CustomField,,,X,,,,X,,,,
Account,00N4O000006tevSUAQ,TLB_CreditLimitAvailable,null,CustomField,X,,,,,X,,,,,
Account,00N4O000006tevTUAQ,TLB_CreditLimit,null,CustomField,X,,,,,X,,,,,
Account,00N4O000006tevUUAQ,TLB_Creditblock,null,CustomField,X,,X,,,,X,,,,
Account,00N4O000006tevVUAQ,TLB_CustomerStatus,null,CustomField,X,,,,,X,X,,X,,
Account,00N4O000006tevWUAQ,TLB_DaysWithoutOrder,null,CustomField,,,,,,,,,,,
Account,00N4O000006tevXUAQ,TLB_Deletionflag,null,CustomField,,,X,,,,X,,,,
Account,00N4O000006tevaUAA,TLB_Dropsize,null,CustomField,X,,,,,,,,,,
Account,00N4O000006tevbUAA,TLB_EconomicGroupCode,null,CustomField,,,,,,,X,,,,
Account,00N4O000006tevcUAA,TLB_EconomicGroup,null,CustomField,,,,,,,X,,,,
Account,00N4O000006tevdUAA,TLB_EmailSAP,null,CustomField,,,,,,X,X,,,,
Account,00N4O000006teveUAA,TLB_ExclusivePOS,null,CustomField,,,,,,,X,,,,
Account,00N4O000006tevgUAA,TLB_Geolocation,null,CustomField,,,,,,,X,,,,
Account,00N5b00000E2ik4EAB,AFH_Account_Manager,null,CustomField,,,,,,,X,,,,
Account,00N4O000006tevnUAA,TLB_MarketChannelDescription,null,CustomField,X,,,,,,X,,,,
Account,00N4O000006tevoUAA,TLB_MicroRegionCode,null,CustomField,,,,,,,X,,,,
Account,00N4O000006tevpUAA,TLB_MinimumOrderAmount,null,CustomField,X,,,,,X,,,,,
Account,00N4O000006tevqUAA,TLB_MostRecentOrderDate,null,CustomField,X,,,,,,,,,,
Account,00N4O000006tevsUAA,TLB_Orderblock,null,CustomField,X,,X,,,,X,,,,
Account,00N4O000006tevtUAA,TLB_PayerCode,null,CustomField,,,,,,,X,,,,
Account,00N4O000006tevuUAA,TLB_PayerDescription,null,CustomField,,,,,,,,,,,
Account,00N4O000006tevxUAA,TLB_PriceBook,null,CustomField,X,,,,,,,,,,
Account,00N4O000006tevzUAA,TLB_SalesGroupCode,null,CustomField,,,,,,,,,,,
Account,00N4O000006tew0UAA,TLB_SalesGroupDescription,null,CustomField,,,,,,,X,,,,
Account,00N4O000006tew1UAA,TLB_SalesOfficeCode,null,CustomField,,,,,,,,,,,
Account,00N4O000006tew2UAA,TLB_SalesOfficeDescription,null,CustomField,,,,,,,X,,,,
Account,00N4O000006tew3UAA,TLB_SalesOrganizationCode,null,CustomField,X,,X,,,,X,,,,
Account,00N4O000006tew4UAA,TLB_Sales_Organization,null,CustomField,X,,,,,,,,,,
Account,00N4O000006tew5UAA,TLB_Segment,null,CustomField,X,,,,,,X,,,,
Account,00N4O000006tew7UAA,TLB_SubDivisionDescription,null,CustomField,X,,X,,,,X,,,,
Account,00N4O000006tew8UAA,TLB_Territory_Description,null,CustomField,X,,X,,,,X,,,,
Account,00N4O000006tew9UAA,TLB_VisitFrequency,null,CustomField,,,,,,,X,,,,
Account,00N4O000006tewAUAQ,TLB_masterdataBlock,null,CustomField,X,,X,,,,X,,,,
Account,00N4O000006tezRUAQ,TLB_ChannelCode,null,CustomField,X,,,,,,,,,,
Account,00N4O000006tezSUAQ,TLB_DivisionCode,null,CustomField,X,,,,,,,,,,
Account,00N5b00000E2ik5EAB,AFH_Av_Price_per_Meal,null,CustomField,,,,,,,X,,,,
Account,00N5b00000E2ik6EAB,AFH_Channel,null,CustomField,,,,,,,X,,,,
Account,00N5b00000E2ik7EAB,AFH_Cluster,null,CustomField,X,,,,,,X,,,,
Account,00N5b00000E2ik8EAB,AFH_DTM,null,CustomField,X,,,,,,,,,,
Account,00N5b00000E2ik9EAB,AFH_Food_Spend_Month,null,CustomField,,,,,,,X,,,,
Account,00N5b00000E2ikAEAR,AFH_Meal_Served_Day,null,CustomField,,,,,,,X,,,,
Account,00N5b00000E2ikBEAR,AFH_OFS,null,CustomField,X,,,,,,X,,,,
Account,00N5b00000E2ikCEAR,AFH_Region,null,CustomField,,,,,,,X,,,,
Account,00N5b00000E2ikDEAR,AFH_TaxID_1,null,CustomField,X,,X,,,,X,,X,,
Account,00N5b00000E2ikEEAR,AFH_Territory,null,CustomField,,,,,,,X,,,,
Account,00N5b00000E2ikGEAR,DEX_2ndLineWholesaler,null,CustomField,,,,,,,,,X,,
Account,00N5b00000E2ikHEAR,DEX_AccountResponsible,null,CustomField,X,,X,,,X,X,,,,
Account,00N5b00000E2ikIEAR,DEX_AccountTemplate,null,CustomField,X,,,,,,,,,,
Account,00N5b00000E2ikKEAR,DEX_Account_Datalake_ID,null,CustomField,,,,,,X,,,,,
Account,00N5b00000E2ikLEAR,DEX_Account_Status,null,CustomField,X,,X,X,,X,X,,,,
Account,00N5b00000E2ikMEAR,DEX_ActivityResponsible,null,CustomField,X,,,,,,X,,,,
Account,00N5b00000E2ikOEAR,DEX_AggregatorStatus,null,CustomField,X,,,,,,,,,,
Account,00N5b00000E2ikQEAR,DEX_Best_Call_Time,null,CustomField,X,,,,,,X,,,,
Account,00N5b00000E2ikSEAR,DEX_BrickPostalCode,null,CustomField,X,,,,,,,,,,
Account,00N5b00000E2ikUEAR,DEX_BuyingGroups,null,CustomField,X,,,,,,,,,,
Account,00N5b00000E2ikVEAR,DEX_CallBeforeVisit,null,CustomField,X,,,,,,,,,,
Account,00N5b00000E2ikXEAR,DEX_Caterlyst_Unique_ID,null,CustomField,,,,,,,,,,,
Account,00N5b00000E2ikYEAR,DEX_Cattegory_Attributes,null,CustomField,,,,,,X,,,,,
Account,00N5b00000E2ikbEAB,DEX_ClosingTimeWorkingDay,null,CustomField,X,,,,,X,X,,,,
Account,00N5b00000E2ikdEAB,DEX_Conference_Outlet_On_Site,null,CustomField,X,,,,,X,X,,,,
Account,00N5b00000E2ikeEAB,DEX_Contact_Date,null,CustomField,,,,,,,,,,,
Account,00N5b00000E2ikfEAB,DEX_Contact_Type,null,CustomField,,,,,,,,,,,
Account,00N5b00000E2ikgEAB,DEX_Contract2,null,CustomField,,,,,,,,,,,
Account,00N5b00000E2ikhEAB,DEX_ContractFrom,null,CustomField,,,,,,,,,,,
Account,00N5b00000E2ikkEAB,DEX_ConvenienceLevel,null,CustomField,,,,,,,,,,,
Account,00N5b00000E2iklEAB,DEX_Convertion_Prospect,null,CustomField,X,,,,,,,,,,
Account,00N5b00000E2ikmEAB,DEX_Country,null,CustomField,X,,,,,,X,,X,,
Account,00N5b00000E2ikpEAB,DEX_Cuisine,null,CustomField,X,,,,,,,,,,
Account,00N5b00000E2ikqEAB,DEX_CustomerFlag,null,CustomField,X,,,,,X,,,,,
Account,00N5b00000E2ikrEAB,DEX_CustomerGroup,null,CustomField,X,,,,,,,,,,
Account,00N5b00000E2iksEAB,DEX_CustomerHierarchy3,null,CustomField,X,,,,,,,,,,
Account,00N5b00000E2iktEAB,DEX_CustomerHierarchy4,null,CustomField,X,,,,,,,,,,
Account,00N5b00000E2ikuEAB,DEX_CustomerHierarchy5,null,CustomField,X,,,,,,,,,,
Account,00N5b00000E2ikvEAB,DEX_CustomerHierarchyLevel7,null,CustomField,,,,,,X,,,,,
Account,00N5b00000E2ikwEAB,DEX_Customer_Hierarchy_Level_6,null,CustomField,,,,,,,,,,,
Account,00N5b00000E2ikxEAB,DEX_Customer_Id,null,CustomField,X,,,,,,,,,,
Account,00N5b00000E2ikzEAB,DEX_DeliverooId,null,CustomField,X,,,,,,,,,,
Account,00N5b00000E2il2EAB,DEX_Direct_Order_Wholesaler,null,CustomField,X,,,,,,,,,,
Account,00N5b00000E2il4EAB,DEX_Do_not_call,null,CustomField,X,,,,,,X,,,,
Account,00N5b00000E2il5EAB,DEX_Do_not_visit,null,CustomField,X,,,,,,X,,,,
Account,00N5b00000E2il6EAB,DEX_Do_you_have_terrace_outside_seating,null,CustomField,,,,,,X,,,,,
Account,00N5b00000E2il7EAB,DEX_Do_you_offer_a_home_delivery_Service,null,CustomField,,,,,,X,,,,,
Account,00N5b00000E2il8EAB,DEX_Do_you_offer_takeaways,null,CustomField,,,,,,X,,,,,
Account,00N5b00000E2il9EAB,DEX_Dont_Send_to_Front_End,null,CustomField,X,,,,,,X,,,,
Account,00N5b00000E2ilAEAR,DEX_ECCEmployeeID,null,CustomField,,,,,,,,,,,
Account,00N5b00000E2ilBEAR,DEX_EOTM,null,CustomField,X,,,,,,,,,,
Account,00N5b00000E2ilCEAR,DEX_FH_BenJerry,null,CustomField,X,,,,,,,,,,
Account,00N5b00000E2ilDEAR,DEX_FH_HaagenDazs,null,CustomField,X,,,,,,,,,,
Account,00N5b00000E2ilEEAR,DEX_FH_Magnum,null,CustomField,X,,,,,,,,,,
Account,00N5b00000E2ilGEAR,DEX_Facebook_Handle,null,CustomField,,,,,,X,X,,,,
Account,00N5b00000E2ilHEAR,DEX_FoCProductAllowed,null,CustomField,X,,,,,,,,,,
Account,00N5b00000E2ilJEAR,DEX_Food_Served_Onsite,null,CustomField,X,,,,,X,X,,,,
Account,00N5b00000E2ilKEAR,DEX_FoodhubId,null,CustomField,X,,,,,,,,,,
Account,00N5b00000E2ilPEAR,DEX_HasFoodAggregator,null,CustomField,X,,,,,,,,,,
Account,00N5b00000E2ilQEAR,DEX_HasWebshopAccount,null,CustomField,X,,,,,,,,,,
Account,00N5b00000E2ilSEAR,DEX_IndirectAccount,null,CustomField,X,,,X,,X,,,X,,
Account,00N5b00000E2ilTEAR,DEX_Instagram_Handle,null,CustomField,,,,,,X,X,,,,
Account,00N5b00000E2ilUEAR,DEX_IsRoleOverride,null,CustomField,X,,,,,,,,,,
Account,00N5b00000E2ilVEAR,DEX_JE_BenJerry,null,CustomField,X,,,,,,,,,,
Account,00N5b00000E2ilWEAR,DEX_JE_Class,null,CustomField,X,,,,,,,,,,
Account,00N5b00000E2ilXEAR,DEX_JE_HaagenDazs,null,CustomField,X,,,,,,,,,,
Account,00N5b00000E2ilYEAR,DEX_JE_Magnum,null,CustomField,X,,,,,,,,,,
Account,00N5b00000E2ilZEAR,DEX_JustEatId,null,CustomField,X,,,,,,,,,,
Account,00N5b00000E2ilaEAB,DEX_KAM_Assistant,null,CustomField,X,,,,,X,X,,,,
Account,00N5b00000E2ilbEAB,DEX_KAM,null,CustomField,X,,,,,X,X,,,,
Account,00N5b00000E2ilcEAB,DEX_KeyDecisionMaker,null,CustomField,X,,,,,X,X,,,,
Account,00N5b00000E2ildEAB,DEX_KeyNumber,null,CustomField,X,,,,,,,,,,
Account,00N5b00000E2ileEAB,DEX_KitchenType,null,CustomField,X,,,,,,X,,,,
Account,00N5b00000E2ilfEAB,DEX_LargeIndependentOperator,null,CustomField,X,,,,,,,,,,
Account,00N5b00000E2ilgEAB,DEX_Last3OnlineEvents,null,CustomField,X,,,,,,X,,,,
Account,00N5b00000E2ilkEAB,DEX_Last_Extraction_Date,null,CustomField,,,,,,,,,,,
Account,00N5b00000E2illEAB,DEX_Latitude_Longitude,null,CustomField,,,,,,,,,,,
Account,00N5b00000E2ilnEAB,DEX_LeadClassification,null,CustomField,,,,,,,,,,,
Account,00N5b00000E2iloEAB,DEX_LeadLostReason,null,CustomField,X,,,,,,,,X,,
Account,00N5b00000E2ilqEAB,DEX_LeadStatus,null,CustomField,X,,,,,,X,,X,,
Account,00N5b00000E2ilsEAB,DEX_Lead_Source,null,CustomField,X,,,,,,X,,,,
Account,00N5b00000E2iltEAB,DEX_Lead,null,CustomField,X,,,,,,X,,,,
Account,00N5b00000E2iluEAB,DEX_LicenseAlcohol,null,CustomField,X,,,,,,,,,,
Account,00N5b00000E2ilwEAB,DEX_Loyalty_Managemet_Opt_In,null,CustomField,X,,,,,,X,,,,
Account,00N5b00000E2ilxEAB,DEX_MainCompetitor,null,CustomField,X,,,,,,X,,,,
Account,00N5b00000E2ilyEAB,DEX_Market_Segment,null,CustomField,X,,,,,,,,,,
Account,00N5b00000E2ilzEAB,DEX_Market,null,CustomField,X,,,,,,X,,,,
Account,00N5b00000E2im0EAB,DEX_Marketing_Opt_In_Flag,null,CustomField,X,,,,,,X,,,,
Account,00N5b00000E2im1EAB,DEX_MergeWith,null,CustomField,X,,,,,X,X,,,,
Account,00N5b00000E2im2EAB,DEX_Merge_Account,null,CustomField,X,,,,,X,X,,,,
Account,00N5b00000E2im3EAB,DEX_MixedorUFSCustomer,null,CustomField,X,,,,,X,,,,,
Account,00N5b00000E2im4EAB,DEX_Name2,null,CustomField,X,,,,,X,X,,,,
Account,00N5b00000E2im5EAB,DEX_Newsletter_OptOut,null,CustomField,,,,,,,X,,,,
Account,00N5b00000E2im6EAB,DEX_NumberOfChildSites,null,CustomField,X,,,,,,X,,,,
Account,00N5b00000E2im7EAB,DEX_NumberOfOutlets,null,CustomField,X,,,,,,X,,,,
Account,00N5b00000E2im8EAB,DEX_NumberOfSubSites,null,CustomField,X,,,,,,,,,,
Account,00N5b00000E2im9EAB,DEX_Number_Customers_Buying_UFS_Products,null,CustomField,,,,,,,,,,,
Account,00N5b00000E2imAEAR,DEX_Number_of_Beds,null,CustomField,X,,,,,X,X,,,,
Account,00N5b00000E2imBEAR,DEX_Number_of_Buying_Customers,null,CustomField,,,,,,,,,,,
Account,00N5b00000E2imCEAR,DEX_Number_of_Employees,null,CustomField,X,,,,,X,X,,,,
Account,00N5b00000E2imDEAR,DEX_Number_of_Rooms,null,CustomField,X,,,,,X,X,,,,
Account,00N5b00000E2imEEAR,DEX_Number_of_Students_Pupils,null,CustomField,X,,,,,X,X,,,,
Account,00N5b00000E2imFEAR,DEX_Number_of_Till_Points,null,CustomField,X,,,,,X,X,,,,
Account,00N5b00000E2imGEAR,DEX_OFSValue,null,CustomField,X,,,,,,,,,,
Account,00N5b00000E2imJEAR,DEX_OTM_Calculation_Exempt,null,CustomField,X,,,,,,,,,,
Account,00N5b00000E2imKEAR,DEX_OTM_Suggestion,null,CustomField,X,,,,,X,,,,,
Account,00N5b00000E2imLEAR,DEX_OpeningTimeWorkingDay,null,CustomField,X,,,,,X,X,,,,
Account,00N5b00000E2imMEAR,DEX_OpportunityPotentialExternal,null,CustomField,,,,,,,,,,,
Account,00N5b00000E2imNEAR,DEX_OpportunityPotentialSalesRep,null,CustomField,,,,,,X,,,,,
Account,00N5b00000E2imOEAR,DEX_Overrider2,null,CustomField,,,,,,,,,,,
Account,00N5b00000E2imPEAR,DEX_Overrider,null,CustomField,,,,,,,,,,,
Account,00N5b00000E2imQEAR,DEX_PO_Number,null,CustomField,,,,,,X,,,,,
Account,00N5b00000E2imREAR,DEX_PermittedOrder,null,CustomField,,,,,,,,,,,
Account,00N5b00000E2imTEAR,DEX_PreferredCommMethod,null,CustomField,X,,,,,X,,,,,
Account,00N5b00000E2imUEAR,DEX_PreferredDeliveryDays,null,CustomField,X,,,,,X,X,,,,
Account,00N5b00000E2imWEAR,DEX_PreferredVisitDays,null,CustomField,X,,,,,X,X,,,,
Account,00N5b00000E2imXEAR,DEX_PreferredVisitEndTime,null,CustomField,,,,,,X,,,,,
Account,00N5b00000E2imYEAR,DEX_PreferredVisitStartTime,null,CustomField,,,,,,X,,,,,
Account,00N5b00000E2imZEAR,DEX_PreferredVisitWeek,null,CustomField,,,,,,X,,,,,
Account,00N5b00000E2imaEAB,DEX_Prospect_Status,null,CustomField,,,,,,,,,,,
Account,00N5b00000E2imdEAB,DEX_Relative_Lead_Score_Data,null,CustomField,X,,,,,,,,,,
Account,00N5b00000E2imfEAB,DEX_Relative_Urgency_Data,null,CustomField,X,,,,,,,,,,
Account,00N5b00000E2imjEAB,DEX_SAT_Classification,null,CustomField,X,,,,,,,,,,
Account,00N5b00000E2immEAB,DEX_SalesDistrict,null,CustomField,X,,,,,,,,,,
Account,00N5b00000E2imnEAB,DEX_SalesGroupKey,null,CustomField,X,,,,,,,,,,
Account,00N5b00000E2imoEAB,DEX_SalesOfficeKey,null,CustomField,X,,,,,,,,,,
Account,00N5b00000E2impEAB,DEX_SeasonCloseTime,null,CustomField,,,,,,X,,,,,
Account,00N5b00000E2imsEAB,DEX_SendEDI,null,CustomField,X,,,,,,,,,,
Account,00N5b00000E2imtEAB,DEX_Send_to_Datalake,null,CustomField,,,,,,X,,,,,
Account,00N5b00000E2imvEAB,DEX_Six_Golden_Rules,null,CustomField,X,,,,,X,,,,,
Account,00N5b00000E2imwEAB,DEX_SpecialPrice,null,CustomField,,,,,,X,,,,,
Account,00N5b00000E2imxEAB,DEX_SubSegment,null,CustomField,,,,,,,,,,,
Account,00N5b00000E2in0EAB,DEX_Subtype,null,CustomField,X,,,,,X,,,,,
Account,00N5b00000E2in1EAB,DEX_TPSCTPS,null,CustomField,X,,,,,,,,,,
Account,00N5b00000E2in2EAB,DEX_Telesales,null,CustomField,,,,,,X,,,,,
Account,00N5b00000E2in3EAB,DEX_TendePlace,null,CustomField,,,,,,,,,,,
Account,00N5b00000E2in6EAB,DEX_Trading_Status,null,CustomField,X,,,,,X,,,,,
Account,00N5b00000E2in7EAB,DEX_Twitter_Handle,null,CustomField,,,,,,X,X,,,,
Account,00N5b00000E2in8EAB,DEX_UE_BenJerry,null,CustomField,X,,,,,,,,,,
Account,00N5b00000E2in9EAB,DEX_UE_HaagenDazs,null,CustomField,X,,,,,,,,,,
Account,00N5b00000E2inAEAR,DEX_UE_Magnum,null,CustomField,X,,,,,,,,,,
Account,00N5b00000E2inDEAR,DEX_UberEatsId,null,CustomField,X,,,,,,,,,,
Account,00N5b00000E2inEEAR,DEX_Unilever_Now_Classification,null,CustomField,,,,,,,,,,,
Account,00N5b00000E2inFEAR,DEX_UserRole,null,CustomField,X,,,,,X,,,,,
Account,00N5b00000E2inJEAR,DEX_Visitors_Per_Year,null,CustomField,X,,,,,X,X,,,,
Account,00N5b00000E2inREAR,DEX_isIncentiveDefault,null,CustomField,X,,,,,,,,,,
Account,00N5b00000E2inSEAR,DEX_isSalesrepAccount,null,CustomField,X,,,,,,,,,,
Account,00N5b00000E2inYEAR,SAP_ID,null,CustomField,X,,X,,,X,X,,,X,X
Account,00N5b00000E2inZEAR,Sales_ORG,null,CustomField,X,,X,,,X,X,,X,,
Account,00N5b00000E2indEAB,TEL_Account_Type_DEX_ROLE,null,CustomField,,,,,,,,,,,
Account,00N5b00000E2ineEAB,TEL_Av_Price_per_Meal2,null,CustomField,,,,,,X,,,,,
Account,00N5b00000E2infEAB,TEL_BP_Role_Code,null,CustomField,,,,,,,,,,,
Account,00N5b00000E2ingEAB,TEL_BP_Role,null,CustomField,,,,,,,,,,,
Account,00N5b00000E2inhEAB,TEL_CS_Opt_Out,null,CustomField,,,,,,,X,,,,
Account,00N5b00000E2iniEAB,TEL_Chef_Rewards,null,CustomField,X,,,,,,,,,,
Account,00N5b00000E2inkEAB,TEL_Convenience_Level,null,CustomField,X,,,,,X,,,,,
Account,00N5b00000E2inlEAB,TEL_Day_Week_Open,null,CustomField,,,,,,X,,,,,
Account,00N5b00000E2innEAB,TEL_Email,null,CustomField,X,,,,,X,X,,,,
Account,00N5b00000E2inoEAB,TEL_Food_Spend_Month2,null,CustomField,,,,,,X,,,,,
Account,00N5b00000E2inqEAB,TEL_IsActive,null,CustomField,X,,,,,,,,,,
Account,00N5b00000E2inrEAB,TEL_Kitchen_Type2,null,CustomField,,,,,,X,,,,,
Account,00N5b00000E2insEAB,TEL_Meal_Served_Day2,null,CustomField,,,,,,X,,,,,
Account,00N5b00000E2intEAB,TEL_NPS_Potential,null,CustomField,,,,,,,,,,,
Account,00N5b00000E2inuEAB,TEL_OTM_Reason2,null,CustomField,,,,,,,,,,,
Account,00N5b00000E2invEAB,TEL_OTM,null,CustomField,X,,X,,,,X,,,,
Account,00N5b00000E2inwEAB,TEL_Parent_Segment,null,CustomField,X,,,,,X,X,,,,
Account,00N5b00000E2inxEAB,TEL_Price_Book,null,CustomField,X,X,,,,,X,,,,
Account,00N5b00000E2inyEAB,TEL_Region,null,CustomField,,,,,,X,,,,,
Account,00N5b00000E2inzEAB,TEL_SAP_DEX_ID,null,CustomField,X,,X,,,X,X,,X,,X
Account,00N5b00000E2io0EAB,TEL_SSD_Allowed2,null,CustomField,X,,,,,X,,,,,
Account,00N5b00000E2io1EAB,TEL_Segment2,null,CustomField,X,,X,,,X,X,,,,
Account,00N5b00000E2io2EAB,TEL_SubSegment_Code,null,CustomField,,,,,,,,,,,
Account,00N5b00000E2io3EAB,TEL_SubSegment,null,CustomField,X,,,,,X,X,,,,
Account,00N5b00000E2io4EAB,TEL_Sub_Status,null,CustomField,,,,,,,,,,,
Account,00N5b00000E2io5EAB,TEL_Visit_Ok2,null,CustomField,,,,,,X,,,,,
Account,00N5b00000E2io6EAB,TEL_Week_Year_Open,null,CustomField,X,,,,,X,X,,X,,
Account,00N5b00000E2io7EAB,TEL_Wholesaler_Account_Number,null,CustomField,X,,,,,,,,,,
Account,00N5b00000E2io8EAB,TEL_Wholesaler,null,CustomField,X,,,,,,,,,,
Account,00N5b00000E2j7nEAB,DEX_LastUpdateActivity,null,CustomField,,,,,,,,,,,
Account,00N5b00000E2j7oEAB,DEX_NoofFOLandNoofSOLDCabinets,null,CustomField,,,,,,X,,,,,
Account,00N5b00000E2jfmEAB,TLB_Is_Mail_Required_for_Customer,null,CustomField,,,,,,,,,,,
Account,00N5b00000E2jfnEAB,TLB_Visit_Email,null,CustomField,,,X,,,,,,,,
Account,00N5b00000E2lWgEAJ,SPL_AEFR,null,CustomField,,,,,,,X,,,,
Account,00N5b00000E2lWhEAJ,SPL_AEHC,null,CustomField,,,,,,,X,,,,
Account,00N5b00000E2lWiEAJ,SPL_AEPC,null,CustomField,,,,,,,X,,,,
Account,00N5b00000E2lWjEAJ,SPL_AccountLink,null,CustomField,,,,,,,,,,,
Account,00N5b00000E2lWkEAJ,SPL_Active,null,CustomField,,,,,,,,,,,
Account,00N5b00000E2lWlEAJ,SPL_ApprovalStatus,null,CustomField,,,,,,X,,,,,
Account,00N5b00000E2lWmEAJ,SPL_Checkouts,null,CustomField,,,,,,,X,,,,
Account,00N5b00000E2lWnEAJ,SPL_EndDateTemporaryService,null,CustomField,,,,,,,X,,,,
Account,00N5b00000E2lWoEAJ,SPL_StartDateTemporaryService,null,CustomField,,,,,,,X,,,,
Account,00N5b00000E2lWpEAJ,SPL_StoreSizeM2,null,CustomField,,,,,,,X,,,,
Account,00N5b00000E2lWqEAJ,SPL_TemporaryStatus,null,CustomField,,,,,,X,X,,,,
Account,00N5b00000E2w3cEAB,TPM_Fund_Level_ValidationCheck,null,CustomField,X,,X,,,,,,,,
Account,00N5b00000E31EEEAZ,ATN_ApprovalStep,null,CustomField,,,,,,X,,,,,
Account,00N5b00000E31EGEAZ,ATN_Approver_Step1,null,CustomField,,,,,,X,,,,,
Account,00N5b00000E31EHEAZ,ATN_Approver_Step2,null,CustomField,,,,,,X,,,,,
Account,00N5b00000E31EJEAZ,ATN_BaseDiscount,null,CustomField,,,,,,,,,,,
Account,00N5b00000E31EKEAZ,ATN_BillingAdditionalAddressDetails,null,CustomField,,,,,,X,X,,,,
Account,00N5b00000E31ELEAZ,ATN_BillingAddressSameAsInvoice,null,CustomField,,,,,,X,,,,,
Account,00N5b00000E31ENEAZ,ATN_BusinessTypeDesc,null,CustomField,,,,,,,,,,,
Account,00N5b00000E31EPEAZ,ATN_CNPJGroupCompany,null,CustomField,,,,,,X,X,,,,
Account,00N5b00000E31EQEAZ,ATN_CNPJPartners,null,CustomField,,,,,,X,X,,,,
Account,00N5b00000E31EREAZ,ATN_CNPJ,null,CustomField,X,,,,,,,,,,
Account,00N5b00000E31ESEAZ,ATN_CVA,null,CustomField,,,,,,,,,,,
Account,00N5b00000E31ETEAZ,ATN_Check_LeadCreation,null,CustomField,,,,,,X,,,X,,
Account,00N5b00000E31EWEAZ,ATN_CustomerSector,null,CustomField,,,,,,X,X,,,,
Account,00N5b00000E31EXEAZ,ATN_CustomerType,null,CustomField,,,,,,,,,,,
Account,00N5b00000E31EaEAJ,ATN_Distribution_Center,null,CustomField,X,,,,,X,X,,,,
Account,00N5b00000E31EbEAJ,ATN_EDICustomer,null,CustomField,,,,,,,,,,,
Account,00N5b00000E31EcEAJ,ATN_ExternalID,null,CustomField,,,,,,,,,,,
Account,00N5b00000E31EdEAJ,ATN_HasDistributionCenterException,null,CustomField,,,,,,X,X,,,,
Account,00N5b00000E31EeEAJ,ATN_HasHoldingException,null,CustomField,,,,,,X,X,,,,
Account,00N5b00000E31EfEAJ,ATN_HasPaymentConditionException,null,CustomField,,,,,,X,X,,,,
Account,00N5b00000E31EgEAJ,ATN_HasSpecialTerms,null,CustomField,,,,,,X,X,,,,
Account,00N5b00000E31EhEAJ,ATN_HoldingException,null,CustomField,,,,,,,X,,,,
Account,00N5b00000E31EiEAJ,ATN_InvoicingAdditionalAddressDetails,null,CustomField,,,X,,,X,X,,,,
Account,00N5b00000E31EjEAJ,ATN_Lead_Status,null,CustomField,X,,,,,X,X,,,,
Account,00N5b00000E31EkEAJ,ATN_MonthlyVolumeEstimate,null,CustomField,,,,,,X,X,,,,
Account,00N5b00000E31EmEAJ,ATN_PaymentConditionException,null,CustomField,,,,,,X,,,,,
Account,00N5b00000E31EoEAJ,ATN_ReceiptRestriction,null,CustomField,,,,,,X,X,,,,
Account,00N5b00000E31EpEAJ,ATN_ReceivePalletizedLoadChepPallet,null,CustomField,,,,,,X,X,,,,
Account,00N5b00000E31EqEAJ,ATN_ReceiverContact,null,CustomField,,,,,,X,X,,,,
Account,00N5b00000E31EsEAJ,ATN_SUFRAMA,null,CustomField,,,,,,X,X,,,,
Account,00N5b00000E31EtEAJ,ATN_SalesArea,null,CustomField,X,,X,,,X,,,,,
Account,00N5b00000E31EuEAJ,ATN_SalesForecasting,null,CustomField,,,,,,X,X,,,,
Account,00N5b00000E31EvEAJ,ATN_ShippingAdditionalAddressDetails,null,CustomField,,,,,,X,X,,,,
Account,00N5b00000E31EwEAJ,ATN_ShippingAddressSameAsInvoice,null,CustomField,,,,,,X,,,,,
Account,00N5b00000E31ExEAJ,ATN_ShippingNeighborhood,null,CustomField,,,,,,,,,,,
Account,00N5b00000E31EyEAJ,ATN_TerritoryCodeFR,null,CustomField,,,,,,X,X,,,,
Account,00N5b00000E31EzEAJ,ATN_TerritoryCodeFS,null,CustomField,,,,,,X,X,,,,
Account,00N5b00000E31F0EAJ,ATN_TerritoryCodeHC,null,CustomField,,,,,,X,X,,,,
Account,00N5b00000E31F1EAJ,ATN_TerritoryCodeMT,null,CustomField,,,,,,X,X,,,,
Account,00N5b00000E31F2EAJ,ATN_TerritoryCodePC,null,CustomField,,,,,,X,X,,,,
Account,00N5b00000E31F3EAJ,ATN_VehicleException,null,CustomField,,,,,,X,X,,,,
Account,00N5b00000E31F4EAJ,ATN_ZoneFranc,null,CustomField,,,,,,X,X,,,,
Account,00N5b00000Dbeg1EAB,TPM_AccountEmail,null,CustomField,,,,,,,,,,,
Account,00N5b00000Dbeg2EAB,TPM_Attribute10,null,CustomField,,,X,,,,,,,,
Account,00N5b00000Dbeg3EAB,TPM_Attribute11,null,CustomField,,,X,,,,,,,,
Account,00N5b00000Dbeg4EAB,TPM_Attribute12,null,CustomField,,,X,,,,,,,,
Account,00N5b00000Dbeg5EAB,TPM_Attribute13,null,CustomField,,,X,,,,,,,,
Account,00N5b00000Dbeg6EAB,TPM_Attribute14,null,CustomField,,,X,,,,,,,,
Account,00N5b00000Dbeg7EAB,TPM_Attribute15,null,CustomField,,,X,,,,,,,,
Account,00N5b00000Dbeg8EAB,TPM_Attribute16,null,CustomField,,,X,,,,,,,,
Account,00N5b00000Dbeg9EAB,TPM_Attribute17,null,CustomField,,,X,,,,,,,,
Account,00N5b00000DbegAEAR,TPM_Attribute18,null,CustomField,,,X,,,,,,,,
Account,00N5b00000DbegBEAR,TPM_Attribute19,null,CustomField,,,X,,,,,,,,
Account,00N5b00000DbegCEAR,TPM_Attribute1,null,CustomField,,,X,,,,,,,,
Account,00N5b00000DbegDEAR,TPM_Attribute20,null,CustomField,,,X,,,,,,,,
Account,00N5b00000DbegEEAR,TPM_Attribute2,null,CustomField,,,X,,,,,,,,
Account,00N5b00000DbegFEAR,TPM_Attribute3,null,CustomField,,,X,,,,,,,,
Account,00N5b00000DbegGEAR,TPM_Attribute4,null,CustomField,,,X,,,,,,,,
Account,00N5b00000DbegHEAR,TPM_Attribute5,null,CustomField,,,X,,,,,,,,
Account,00N5b00000DbegIEAR,TPM_Attribute6,null,CustomField,,,X,,,,,,,,
Account,00N5b00000DbegJEAR,TPM_Attribute7,null,CustomField,,,X,,,,,,,,
Account,00N5b00000DbegKEAR,TPM_Attribute8,null,CustomField,,,X,,,,,,,,
Account,00N5b00000DbegLEAR,TPM_Attribute9,null,CustomField,,,X,,,,,,,,
Account,00N5b00000DbelBEAR,TPM_AttributeSearchText,null,CustomField,,,,,,,,,,,
Account,00N5b00000DbgSpEAJ,TLB_Registration_open_date,null,CustomField,,,,,,,,,,,
Account,00N5b00000DXV92EAH,AFH_Potential_UFS_Share_of_Food_Cost,null,CustomField,,,,,,,X,,,,
Account,00N5b00000DXVbkEAH,SKM_Link_PriceandAccount,null,CustomField,X,,,,,,,,,,
Account,00N5b00000DXVoBEAX,EXG_Execution_Guide_Channel,null,CustomField,X,,,,,,,,,,
Account,00N5b00000DXVoCEAX,EXG_Execution_Guide_Segment,null,CustomField,,,,,,,,,,,
Account,00N5b00000DXVoDEAX,EXG_Execution_Guide_Store_Size,null,CustomField,,,,,,,,,,,
Account,00N5b00000DXVoEEAX,EXG_Is_Execution_Guide_Account,null,CustomField,X,,,,,,,,,,
Account,00N5b00000DXaJNEA1,TLB_Premium,null,CustomField,,,,,,,,,,,
Account,00N5b00000DXaJOEA1,TLB_Tradicional,null,CustomField,,,,,,,,,,,
Account,00N5b00000DXc5zEAD,SON_PlanningAccount,null,CustomField,X,,,,X,,,,,,
Account,00N5b00000DXckZEAT,SER_Country,null,CustomField,X,,,,,,,,,,
Account,00N5b00000DXiXoEAL,TPM_SellOutActualizationOffset,null,CustomField,,,X,,,,,,,,
Account,00N5b00000DXkokEAD,ATN_PaymentConditionException2,null,CustomField,,,,,,X,X,,,,
Account,00N5b00000DXnwaEAD,BSF_CompanyName,null,CustomField,X,,X,,,,X,,,,
Account,00N5b00000DXnwbEAD,BSF_IE,null,CustomField,,,,,,,X,,,,
Account,00N5b00000DXnwcEAD,BSF_Phone,null,CustomField,,,,,,,X,,,,
Account,00N5b00000DXnwdEAD,TLB_FutureTerritory,null,CustomField,,,,,,,,,,,
Account,00N5b00000DXosvEAD,BSF_PriceBook,null,CustomField,X,,,,,,,,,,
Account,00N5b00000DXpUaEAL,DEX_PrefSAPLanguage,null,CustomField,,,,,,,,,,,
Account,00N5b00000DcHgKEAV,EDG_AsesorResponsible,null,CustomField,X,,X,,,,,,,,
Account,00N5b00000DcHgLEAV,EDG_CollectingImageData,null,CustomField,X,,,,,,,,,,
Account,00N5b00000DcHgMEAV,EDG_DivisionalResponsible,null,CustomField,,,,,,,,,,,
Account,00N5b00000DcHgNEAV,EDG_ExternalKey,null,CustomField,X,,,,,,,,,,
Account,00N5b00000DcHgOEAV,EDG_Geolocation,null,CustomField,,,,,,,,,,,
Account,00N5b00000DcHgPEAV,EDG_ImageRecognitionGroup,null,CustomField,X,,,,,,,,,,
Account,00N5b00000DcHgQEAV,EDG_KAMResponsible,null,CustomField,,,,,,,,,,,
Account,00N5b00000DcHgREAV,EDG_MaxDistanceStore,null,CustomField,,,,,,,,,,,
Account,00N5b00000DcHgSEAV,EDG_NielsenArea,null,CustomField,,,,,,,,,,,
Account,00N5b00000DcHgTEAV,EDG_RAMHours,null,CustomField,X,,,,,,,,,,
Account,00N5b00000DcHgUEAV,EDG_RAM,null,CustomField,X,,,,,,,,,,
Account,00N5b00000DcHgVEAV,EDG_Status,null,CustomField,X,,,,,,,,,,
Account,00N5b00000DcHgWEAV,EDG_StoreChain,null,CustomField,X,,,,,,,,,,
Account,00N5b00000DcHgXEAV,EDG_StoreFormatDetailed,null,CustomField,X,,,,,,,,,,
Account,00NPU000000KPfo2AG,AFH_Banner_Description,null,CustomField,,,,,,,,,,,
Account,00NPU000000KPfp2AG,AFH_MinimumOrderValue,null,CustomField,X,,,,,,X,,X,,
Account,00NPU000000KPfq2AG,AFH_Payment_Condition,null,CustomField,X,,,,,,,,,,
Account,00NPU000000KPfr2AG,AFH_Sales_office,null,CustomField,,,,,,,,,,,
Account,00NPU000000KPfs2AG,AFH_Salesman_Name,null,CustomField,,,,,,,,,,,
Account,00NPU000000KPft2AG,AFH_WsPricebook,null,CustomField,X,X,,,,,,,,,
Account,00NPU000000KPfu2AG,DEX_VAT_Reg_Number,null,CustomField,X,,,,,,,,,,
Account,00NPU000000NoHQ2A0,ATN_VPVChannel,null,CustomField,,,,,,,,,,,
Account,00NPU000000NoHR2A0,ATN_VPVCustomer,null,CustomField,,,,,,,,,,,
Account,00NPU000000NoHS2A0,ATN_VPVMainCustomer,null,CustomField,X,,,,,,,,,,
Account,00NPU000000OAW52AO,AFH_isRedrive,null,CustomField,X,,,,,,X,,,,
Account,00NPU000000OEAR2A4,AFH_CFS_Registered,null,CustomField,,,,,,,,,,,
Account,00NPU000000OEAS2A4,AFH_CFS_Registration_Date,null,CustomField,,,,,,,,,,,
Account,00NPU000000OEAT2A4,AFH_CTA_Click,null,CustomField,X,,,,,,X,,,,
Account,00NPU000000OEAU2A4,AFH_Campaign_Name,null,CustomField,X,,,,,,X,,,,
Account,00NPU000000OEAV2A4,AFH_Campaign_Registry_Date,null,CustomField,X,,,,,,X,,,,
Account,00NPU000000OEAW2A4,AFH_Email_Marketing_Click,null,CustomField,X,,,,,,X,,,,
Account,00NPU000000OEAX2A4,AFH_Email_Marketing_Intro,null,CustomField,X,,,,,,X,,,,
Account,00NPU000000OEAY2A4,AFH_Hot_Lead_Date,null,CustomField,X,,,,,,X,,,,
Account,00NPU000000OEAZ2A4,AFH_Hot_Lead,null,CustomField,X,,,,,,X,,,,
Account,00NPU000000OEAa2AO,AFH_Lead_MEI,null,CustomField,X,,,,,,X,,,,
Account,00NPU000000OEAb2AO,AFH_Lead_Score_Date,null,CustomField,X,,,,,,X,,,,
Account,00NPU000000OEAc2AO,AFH_Lead_Score,null,CustomField,X,,,,,,X,,,,
Account,00NPU000000OEAd2AO,AFH_NewBacon_Account,null,CustomField,X,,,,,,,,,,
Account,00NPU000000OEAe2AO,AFH_Operator_Score_Date,null,CustomField,X,,,,,,X,,,,
Account,00NPU000000OEAf2AO,AFH_Operator_Score,null,CustomField,X,,,,,,X,,,,
Account,00NPU000000OEAg2AO,AFH_RFV_Classification,null,CustomField,X,,,,,,X,,,,
Account,00NPU000000OEAh2AO,AFH_RFV_Date,null,CustomField,X,,,,,,X,,,,
Account,00NPU000000OEAi2AO,DEX_DLV_BenJerry,null,CustomField,X,,,,,,,,,,
Account,00NPU000000OEAj2AO,DEX_DLV_HaagenDazs,null,CustomField,X,,,,,,,,,,
Account,00NPU000000OEAk2AO,DEX_DLV_Magnum,null,CustomField,X,,,,,,,,,,
Account,00NPU000000OEAl2AO,DEX_MultiAggregator,null,CustomField,X,,,,,,,,,,
Account,00NPU000000OEAm2AO,DEX_Owner_Overider,null,CustomField,X,,,,,,,,,,
Account,00NPU000000OEAn2AO,DEX_PrimarySecondary,null,CustomField,X,,,,,,,,,,
Account,00NPU000000QvKm2AK,Account_Number,cgcloud,CustomField,X,,X,,,,X,,,,
Account,00NPU000000QvKn2AK,Account_Template,cgcloud,CustomField,X,,X,,,X,X,X,X,,
Account,00NPU000000QvKo2AK,ExternalId,cgcloud,CustomField,X,,X,,,X,X,,,,
Account,00NPU000000QvKp2AK,Name_2,cgcloud,CustomField,X,,,,,,,,,,
Account,00NPU000000Qw692AC,Number_Of_Extensions,cgcloud,CustomField,,,,,,,,,,,
Account,00NPU000000Qw6j2AC,Sales_Org,cgcloud,CustomField,X,,X,,,X,,X,X,,
Account,00NPU000000RVCv2AO,CGT_AccountEmail,null,CustomField,,,,,,,,,,,
Account,00NPU000000RVCw2AO,CGT_AccountPlanType,null,CustomField,X,,,,,X,,X,X,,
Account,00NPU000000RVCx2AO,CGT_Active,null,CustomField,X,,,,,,X,,X,,
Account,00NPU000000RVCy2AO,CGT_Activity_Sector_Division_Code,null,CustomField,X,,X,,,,,,,,
Account,00NPU000000RVCz2AO,CGT_Activity_Sector_Division_Description,null,CustomField,,,,,,,,,,,
Account,00NPU000000RVD02AO,CGT_AllowNegativeBaseline,null,CustomField,X,,X,,,,,,X,,
Account,00NPU000000RVD12AO,CGT_Attribute10,null,CustomField,,,X,,,,,,,,
Account,00NPU000000RVD22AO,CGT_Attribute11,null,CustomField,,,X,,,,,,,,
Account,00NPU000000RVD32AO,CGT_Attribute12,null,CustomField,,,X,,,,,,,,
Account,00NPU000000RVD42AO,CGT_Attribute13,null,CustomField,,,X,,,,,,,,
Account,00NPU000000RVD52AO,CGT_Attribute14,null,CustomField,,,X,,,,,,,,
Account,00NPU000000RVD62AO,CGT_Attribute15,null,CustomField,,,X,,,,,,,,
Account,00NPU000000RVD72AO,CGT_Attribute16,null,CustomField,,,X,,,,,,,,
Account,00NPU000000RVD82AO,CGT_Attribute17,null,CustomField,,,X,,,,,,,,
Account,00NPU000000RVD92AO,CGT_Attribute18,null,CustomField,,,X,,,,,,,,
Account,00NPU000000RVDA2A4,CGT_Attribute19,null,CustomField,,,X,,,,,,,,
Account,00NPU000000RVDB2A4,CGT_Attribute1,null,CustomField,,,X,,,,,,,,
Account,00NPU000000RVDC2A4,CGT_Attribute20,null,CustomField,,,X,,,,,,,,
Account,00NPU000000RVDD2A4,CGT_Attribute2,null,CustomField,,,X,,,,,,,,
Account,00NPU000000RVDE2A4,CGT_Attribute3,null,CustomField,,,X,,,,,,,,
Account,00NPU000000RVDF2A4,CGT_Attribute4,null,CustomField,,,X,,,,,,,,
Account,00NPU000000RVDG2A4,CGT_Attribute5,null,CustomField,,,X,,,,,,,,
Account,00NPU000000RVDH2A4,CGT_Attribute6,null,CustomField,,,X,,,,,,,,
Account,00NPU000000RVDI2A4,CGT_Attribute7,null,CustomField,,,X,,,,,,,,
Account,00NPU000000RVDJ2A4,CGT_Attribute8,null,CustomField,,,X,,,,,,,,
Account,00NPU000000RVDK2A4,CGT_Attribute9,null,CustomField,,,X,,,,,,,,
Account,00NPU000000RVDL2A4,CGT_BannerCode,null,CustomField,X,,,,,,,,,,
Account,00NPU000000RVDM2A4,CGT_BannerName,null,CustomField,,,,,,,,,,,
Account,00NPU000000RVDN2A4,CGT_Currency,null,CustomField,X,,,,,,,,,,
Account,00NPU000000RVDP2A4,CGT_Customer_Description,null,CustomField,,,,,,,,,,,
Account,00NPU000000RVDQ2A4,CGT_Customer_Group_4,null,CustomField,,,,,,,,,,,
Account,00NPU000000RVDS2A4,CGT_Customer_Group_Code,null,CustomField,X,,,,,,,,,,
Account,00NPU000000RVDT2A4,CGT_Customer_Group_Description,null,CustomField,X,X,,,,,,,,,
Account,00NPU000000RVDU2A4,CGT_Customer_Hierarchy_Level,null,CustomField,X,,X,,,,X,,X,,
Account,00NPU000000RVDV2A4,CGT_Customer_Relevant,null,CustomField,X,,,,,,,,,,
Account,00NPU000000RVDZ2A4,CGT_Dimension_Code,null,CustomField,X,,X,,,,,,,,
Account,00NPU000000RVDb2AO,CGT_Direct_Indirect_Flag,null,CustomField,X,,,,,,,,,,
Account,00NPU000000RVDc2AO,CGT_Distribution_Channel_Code,null,CustomField,X,,X,,,,,,,,
Account,00NPU000000RVDd2AO,CGT_Distribution_Channel_Description,null,CustomField,,,,,,,,,,,
Account,00NPU000000RVDe2AO,CGT_Fund_Level_ValidationCheck,null,CustomField,X,,X,,,,,,,,
Account,00NPU000000RVDf2AO,CGT_Generic_Customer,null,CustomField,X,,X,,,,,,,,
Account,00NPU000000RVDg2AO,CGT_HoldingCode,null,CustomField,,,,,,,,,,,
Account,00NPU000000RVDh2AO,CGT_Is_AllCustomer_Level1,null,CustomField,X,,,,,,,,,,
Account,00NPU000000RVDi2AO,CGT_Is_Payer,null,CustomField,X,,,,,,,,,,
Account,00NPU000000RVDj2AO,CGT_Level2Description,null,CustomField,,,,,,,,,,,
Account,00NPU000000RVDk2AO,CGT_Level3Description,null,CustomField,,,,,,,,,,,
Account,00NPU000000RVDl2AO,CGT_Level4Description,null,CustomField,,,,,,,,,,,
Account,00NPU000000RVDp2AO,CGT_Level_1,null,CustomField,X,,,,,,X,,,,
Account,00NPU000000RVDq2AO,CGT_Level_2,null,CustomField,X,,,,,,X,,,,
Account,00NPU000000RVDr2AO,CGT_Level_3,null,CustomField,X,,X,,,,X,,,,
Account,00NPU000000RVDs2AO,CGT_Level_4,null,CustomField,X,,X,,,,X,,,,
Account,00NPU000000RVDt2AO,CGT_Level_5,null,CustomField,X,,,,,,X,,,,
Account,00NPU000000RVDu2AO,CGT_Level_6,null,CustomField,X,,,,,,X,,,,
Account,00NPU000000RVDv2AO,CGT_Level_7,null,CustomField,X,,,,,,X,,,,
Account,00NPU000000RVDw2AO,CGT_Level_8,null,CustomField,X,,,,,,,,,,
Account,00NPU000000RVDx2AO,CGT_Market_Channel_Code,null,CustomField,,,,,,,,,,,
Account,00NPU000000RVDy2AO,CGT_Market_Channel_Description,null,CustomField,X,X,,,,,,,,,
Account,00NPU000000RVE02AO,CGT_Market_Description,null,CustomField,X,X,,,,,,,,,
Account,00NPU000000RVE12AO,CGT_NCF_Flag,null,CustomField,X,,X,X,,,,,X,,
Account,00NPU000000RVE22AO,CGT_Planning_Level,null,CustomField,X,,,,,,,,,,
Account,00NPU000000RVE32AO,CGT_Region_Code,null,CustomField,X,,,,,,,,,,
Account,00NPU000000RVE42AO,CGT_Region,null,CustomField,X,,,,,,,,,,
Account,00NPU000000RVE52AO,CGT_SalesGroupCode,null,CustomField,,,,,,,,,,,
Account,00NPU000000RVE62AO,CGT_SalesGroupDescription,null,CustomField,X,X,,,,,,,,,
Account,00NPU000000RVE72AO,CGT_SalesOfficeCode,null,CustomField,,,,,,,,,,,
Account,00NPU000000RVE82AO,CGT_SalesOfficeDescription,null,CustomField,X,X,,,,,,,,,
Account,00NPU000000RVEB2A4,CGT_Sales_Organization,null,CustomField,X,,X,,,X,X,,,,X
Account,00NPU000000RVED2A4,CGT_SalesmanDescription,null,CustomField,,,,,,,,,,,
Account,00NPU000000RVEE2A4,CGT_SellOutActualizationOffset,null,CustomField,,,X,,,,,,,,
Account,00NPU000000RVEG2A4,CGT_SubDivisonDescription,null,CustomField,,,,,,,,,,,
Account,00NPU000000RVEI2A4,CGT_Territory_Description,null,CustomField,,,,,,,,,,,
Account,00NPU000000RVEJ2A4,CGT_Total_Customer_External_ID,null,CustomField,X,,,,,,,,,,
Account,00NPU000000RVEK2A4,CGT_VIP,null,CustomField,X,,,,,,,,,,
Account,00NPU000000RVEN2A4,Origin_Id,null,CustomField,X,,,,,,,,,,
Account,00NPU000000RW4S2AW,CGT_Planning_Level_Rollup,null,CustomField,,,,,,,,X,,,
Account,00NPU000000RW4f2AG,CGT_AttributeSearchText,null,CustomField,,,,,,,,,,,
Account,00NPU000000RW4g2AG,CGT_CustomerType,null,CustomField,,,,,,,,,,,
Account,00NPU000000RW4h2AG,CGT_Customer_Unique,null,CustomField,X,X,,,,,,,,,
Account,00NPU000000RW4j2AG,CGT_Ext_Id_Name,null,CustomField,X,,,,,,,,,,